#CODE;ENGLISH;FRENCH;GERMAN;;SPANISH;;;;;;;;;x
#Cultural Buildings
ca_culture_roman_1;Found an Auxiliary Legion;Found an Auxiliary Legion;Found an Auxiliary Legion;;Found an Auxiliary Legion;;;;;;;;;x;
ca_culture_roman_2;Legion Headquarters;Legion Headquarters;Legion Headquarters;;Legion Headquarters;;;;;;;;;x;
ca_culture_roman_3;Large Legion Headquarters;Large Legion Headquarters;Large Legion Headquarters;;Large Legion Headquarters;;;;;;;;;x;
ca_culture_roman_4;Grand Legion Headquarters;Grand Legion Headquarters;Grand Legion Headquarters;;Grand Legion Headquarters;;;;;;;;;x;
ca_culture_Neo-Gaul_1;Found a Gallic Guard;Found a Gallic Guard;Found a Gallic Guard;;Found a Gallic Guard;;;;;;;;;x;
ca_culture_Neo-Gaul_2;Expand the Gallic Guard;Expand the Gallic Guard;Expand the Gallic Guard;;Expand the Gallic Guard;;;;;;;;;x;
ca_culture_Neo-Gaul_3;Expand the Gallic Guard;Expand the Gallic Guard;Expand the Gallic Guard;;Expand the Gallic Guard;;;;;;;;;x;
ca_culture_Neo-Gaul_4;Expand the Gallic Guard;Expand the Gallic Guard;Expand the Gallic Guard;;Expand the Gallic Guard;;;;;;;;;x;
ca_culture_Italo-Sicilian_1;Sicilian Armoury;Sicilian Armoury;Sicilian Armoury;;Sicilian Armoury;;;;;;;;;x;
ca_culture_Italo-Sicilian_2;Sicilian Armoury;Sicilian Armoury;Sicilian Armoury;;Sicilian Armoury;;;;;;;;;x;
ca_culture_Italo-Sicilian_3;Sicilian Armoury;Sicilian Armoury;Sicilian Armoury;;Sicilian Armoury;;;;;;;;;x;
ca_culture_Italo-Sicilian_4;Sicilian Armoury;Sicilian Armoury;Sicilian Armoury;;Sicilian Armoury;;;;;;;;;x;
ca_culture_druidic_1;Light Infantry Training Grounds;Light Infantry Training Grounds;Light Infantry Training Grounds;;Light Infantry Training Grounds;;;;;;;;;x;
ca_culture_druidic_2;Light Infantry Training Grounds;Light Infantry Training Grounds;Light Infantry Training Grounds;;Light Infantry Training Grounds;;;;;;;;;x;
ca_culture_druidic_3;Light Infantry Training Grounds;Light Infantry Training Grounds;Light Infantry Training Grounds;;Light Infantry Training Grounds;;;;;;;;;x;
ca_culture_druidic_4;Light Infantry Training Grounds;Light Infantry Training Grounds;Light Infantry Training Grounds;;Light Infantry Training Grounds;;;;;;;;;x;
#Cultural Building Description
ca_culture_Roman_1_desc;The Legions have been revived and modernised, and their high morale and discipline once more the envy of the European field. ;The Legions have been revived and modernised, and their high morale and discipline once more the envy of the European field. ;The Legions have been revived and modernised, and their high morale and discipline once more the envy of the European field. ;;The Legions have been revived and modernised, and their high morale and discipline once more the envy of the European field. ;;;;;;;;;x;
ca_culture_Neo-Gaul_1_desc;The Gallic Guard represent the fusion of many competing military traditions.  On the field of battle the Gauls stand united. ;The Gallic Guard represent the fusion of many competing military traditions.  On the field of battle the Gauls stand united. ;The Gallic Guard represent the fusion of many competing military traditions.  On the field of battle the Gauls stand united. ;;The Gallic Guard represent the fusion of many competing military traditions.  On the field of battle the Gauls stand united. ;;;;;;;;;x;
ca_culture_Italo-Sicilian_1_desc;An armoury is essential to keep heavily armed troops well equipped, and few do it better than us Sicilians!;An armoury is essential to keep heavily armed troops well equipped, and few do it better than us Sicilians!;An armoury is essential to keep heavily armed troops well equipped, and few do it better than us Sicilians!;;An armoury is essential to keep heavily armed troops well equipped, and few do it better than us Sicilians!;;;;;;;;;x;
ca_culture_druidic_1_desc;Numbers matter in war.  By focusing on increasing ours while our enemies simply make their numbers more expensive and hard to replace we will surely become invincible.;Numbers matter in war.  By focusing on increasing ours while our enemies simply make their numbers more expensive and hard to replace we will surely become invincible.;Numbers matter in war.  By focusing on increasing ours while our enemies simply make their numbers more expensive and hard to replace we will surely become invincible.;;Numbers matter in war.  By focusing on increasing ours while our enemies simply make their numbers more expensive and hard to replace we will surely become invincible.;;;;;;;;;x;

#Retinue names
DRUIDIC;Warband;Warband;Warband;;Warband;;;;;;;;;x;
RETTYPE_CUL_ROMAN;Legionary Cohort;Legionary Cohort;Legionary Cohort;;Legionary Cohort;;;;;;;;;x;
RETTYPE_CUL_ITALOSICILIAN;Pike and Horse;Pike and Horse;Pike and Horse;;Pike and Horse;;;;;;;;;x;
#Events
EVTDESC_NEOGAULFLIP;The people of [Root.GetName] have developed their language and customs to a point where they may now be considered part of a distinct branch of Celtic culture. They have begun to refer to themselves as Gauls.;The people of [Root.GetName] have developed their language and customs to a point where they may now be considered part of a distinct branch of Celtic culture. They have begun to refer to themselves as Gauls.;The people of [Root.GetName] have developed their language and customs to a point where they may now be considered part of a distinct branch of Celtic culture. They have begun to refer to themselves as Gauls.;;The people of [Root.GetName] have developed their language and customs to a point where they may now be considered part of a distinct branch of Celtic culture. They have begun to refer to themselves as Gauls.;;;;;;;;;x;
EVTOPTA_NEOGAULFLIP;Alas, another low tongue has arisen;Alas, another low tongue has arisen;Alas, another low tongue has arisen;;Alas, another low tongue has arisen;;;;;;;;;x
EVTOPTB_NEOGAULFLIP;And a fine addition it will make to our rich tapestry!;And a fine addition it will make to our rich tapestry!;And a fine addition it will make to our rich tapestry!;;And a fine addition it will make to our rich tapestry!;;;;;;;;;x
EVTOPTC_NEOGAULFLIP;It spreads!;It spreads!;It spreads!;;It spreads!;;;;;;;;;x;
EVTDESC_ITALOSICILIANFLIP;The people of [Root.GetName] have developed their language and customs to a point where they may now be considered part of a distinct branch of Latin culture. They have begun to refer to their language as Sicilian.;The people of [Root.GetName] have developed their language and customs to a point where they may now be considered part of a distinct branch of Latin culture. They have begun to refer to their language as Sicilian.;The people of [Root.GetName] have developed their language and customs to a point where they may now be considered part of a distinct branch of Latin culture. They have begun to refer to their language as Sicilian.;;The people of [Root.GetName] have developed their language and customs to a point where they may now be considered part of a distinct branch of Latin culture. They have begun to refer to their language as Sicilian.;;;;;;;;;x;
EVTDESC_GRAECOSICILIANFLIP;The people of [Root.GetName] have developed their language and customs to a point where they may now be considered part of a distinct branch of Greek culture. They have begun to refer to their language as Sicilian.;The people of [Root.GetName] have developed their language and customs to a point where they may now be considered part of a distinct branch of Greek culture. They have begun to refer to their language as Sicilian.;The people of [Root.GetName] have developed their language and customs to a point where they may now be considered part of a distinct branch of Greek culture. They have begun to refer to their language as Sicilian.;;The people of [Root.GetName] have developed their language and customs to a point where they may now be considered part of a distinct branch of Greek culture. They have begun to refer to their language as Sicilian.;;;;;;;;;x;
EVTDESC_ROMANFLIP;The Roman Empire has been restored and you are its Emperor.  When you think about the great cultural achievements of the Romans, their traditions and their institutions, you can't help but feel somehow connected to them.  After all, if the Roman Emperor isn't Roman, is there really a Roman Empire?;The Roman Empire has been restored and you are its Emperor.  When you think about the great cultural achievements of the Romans, their traditions and their institutions, you can't help but feel somehow connected to them.  After all, if the Roman Emperor isn't Roman, is there really a Roman Empire?;The Roman Empire has been restored and you are its Emperor.  When you think about the great cultural achievements of the Romans, their traditions and their institutions, you can't help but feel somehow connected to them.  After all, if the Roman Emperor isn't Roman, is there really a Roman Empire?;;The Roman Empire has been restored and you are its Emperor.  When you think about the great cultural achievements of the Romans, their traditions and their institutions, you can't help but feel somehow connected to them.  After all, if the Roman Emperor isn't Roman, is there really a Roman Empire?;;;;;;;;;x;
EVTOPTA_ROMANFLIP;I am a true Roman;I am a true Roman;I am a true Roman;;I am a true Roman;;;;;;;;;x;
EVTDESC_ROMAROMANFLIP;A Roman again rules Rome;A Roman again rules Rome;A Roman again rules Rome;;A Roman again rules Rome;;;;;;;;;x;
EVTOPTA_ROMAROMANFLIP;Rome is Rome once again;Rome is Rome once again;Rome is Rome once again;;Rome is Rome once again;;;;;;;;;x;
EVTDESC_EMPIRECONQUEST;As you walk through the gardens your mind wanders.  Your gaze falls upon a statue of some conqueror from days past.  ''He probably thought he'd become the next Alexander.''  That's when it came to you.  What separates most men from Alexander? From Caesar?  From Hannibal?  Only the will to vanquish, only the audacity to call yourself conqueror...;As you walk through the gardens of [capital] your mind wanders.  Your gaze falls upon a statue of some conqueror from days past.  ''He probably thought he'd become the next Alexander.''  Thatâ€™s when it came to you.  What separates most men from Alexander? From Caesar?  From Hannibal?  Only the will to vanquish, only the audacity to call yourself conquerorâ€¦;As you walk through the gardens of [capital] your mind wanders.  Your gaze falls upon a statue of some conqueror from days past.  ''He probably thought he'd become the next Alexander.''  Thatâ€™s when it came to you.  What separates most men from Alexander? From Caesar?  From Hannibal?  Only the will to vanquish, only the audacity to call yourself conquerorâ€¦;;As you walk through the gardens of [capital] your mind wanders.  Your gaze falls upon a statue of some conqueror from days past.  ''He probably thought he'd become the next Alexander.''  Thatâ€™s when it came to you.  What separates most men from Alexander? From Caesar?  From Hannibal?  Only the will to vanquish, only the audacity to call yourself conquerorâ€¦;;;;;;;;;x;
EVTOPTA_EMPIRECONQUEST;I will be the greatest conqueror history has ever known.;I will be the greatest conqueror history has ever known!;I will be the greatest conqueror history has ever known!;;I will be the greatest conqueror history has ever known!;;;;;;;;;x;
EVTDESC_NOEMPIRECONQUEST;Although you once had the drive and the will to conquer the world, a series of setbacks and personal failures has sapped your will, and you no longer have the gall to call yourself a conqueror.;Although you once had the drive and the will to conquer the world, a series of setbacks and personal failures has sapped your will, and you no longer have the gall to call yourself a conqueror.;Although you once had the drive and the will to conquer the world, a series of setbacks and personal failures has sapped your will, and you no longer have the gall to call yourself a conqueror.;;Although you once had the drive and the will to conquer the world, a series of setbacks and personal failures has sapped your will, and you no longer have the gall to call yourself a conqueror.;;;;;;;;;x;
EVTOPTA_NOEMPIRECONQUEST;I'll leave such things to younger men.;I'll leave such things to younger men.;I'll leave such things to younger men.;;I'll leave such things to younger men.;;;;;;;;;x;
EVTDESC_ANGLONORSEFLIP;The people of [Root.GetName] have developed their language and customs to a point where they may now be considered part of a distinct branch of Norse culture. They have begun to refer to themselves as Anglo-Norse.;The people of [Root.GetName] have developed their language and customs to a point where they may now be considered part of a distinct branch of Norse culture. They have begun to refer to themselves as Anglo-Norse.;The people of [Root.GetName] have developed their language and customs to a point where they may now be considered part of a distinct branch of Norse culture. They have begun to refer to themselves as Anglo-Norse.;;The people of [Root.GetName] have developed their language and customs to a point where they may now be considered part of a distinct branch of Norse culture. They have begun to refer to themselves as Anglo-Norse.;;;;;;;;;x;
EVTDESC_NORSEGAELFLIP;The people of [Root.GetName] have developed their language and customs to a point where they may now be considered part of a distinct branch of Celtic culture. They have begun to refer to themselves as Gall-Ghaeil.;The people of [Root.GetName] have developed their language and customs to a point where they may now be considered part of a distinct branch of Celtic culture. They have begun to refer to themselves as Gall-Ghaeil.;The people of [Root.GetName] have developed their language and customs to a point where they may now be considered part of a distinct branch of Celtic culture. They have begun to refer to themselves as Gall-Ghaeil.;;The people of [Root.GetName] have developed their language and customs to a point where they may now be considered part of a distinct branch of Celtic culture. They have begun to refer to themselves as Gall-Ghaeil.;;;;;;;;;x;
EVTDESC_SCOTSFLIP;The people of [Root.GetName] have developed their language and customs to a point where they may now be considered part of a distinct branch of West Germanic culture. They have begun to refer to themselves as Scots.;The people of [Root.GetName] have developed their language and customs to a point where they may now be considered part of a distinct branch of West Germanic culture. They have begun to refer to themselves as Scots.;The people of [Root.GetName] have developed their language and customs to a point where they may now be considered part of a distinct branch of West Germanic culture. They have begun to refer to themselves as Scots.;;The people of [Root.GetName] have developed their language and customs to a point where they may now be considered part of a distinct branch of West Germanic culture. They have begun to refer to themselves as Scots.;;;;;;;;;x;
EVTDESC_CK2RPGBLOT_600;Although our Lord and Saviour preached compassion and forgiveness, many of our other deities demand a different sort of devotion.  Non-Jesusites will have to pay us a duty.;Although our Lord and Saviour preached compassion and forgiveness, many of our other deities demand a different sort of devotion.  Non-Jesusites will have to pay us a duty.; Although our Lord and Saviour preached compassion and forgiveness, many of our other deities demand a different sort of devotion.  Non-Jesusites will have to pay us a duty.;; Although our Lord and Saviour preached compassion and forgiveness, many of our other deities demand a different sort of devotion.  Non-Jesusites will have to pay us a duty..;;;;;;;;;x;
EVTOPTA_CK2RPGBLOT_600;I can hardly wait!;Je ne peux plus attendre !;Ich kann es kaum erwarten!;;¡No puedo esperar!;;;;;;;;;x
EVTDESC_CK2RPGBLOT_601;Your wise liege, [From.GetTitledFirstName], has summoned you and [From.GetHerHis] other vassals to a blot. There you will worship and give sacrifice to the lesser deities before taking part in a great feast where you drink to their name.; Your wise liege, [From.GetTitledFirstName], has summoned you and [From.GetHerHis] other vassals to a blot. There you will worship and give sacrifice to the lesser deities before taking part in a great feast where you drink to their name.; Your wise liege, [From.GetTitledFirstName], has summoned you and [From.GetHerHis] other vassals to a blot. There you will worship and give sacrifice to the lesser deities before taking part in a great feast where you drink to their name.;; Your wise liege, [From.GetTitledFirstName], has summoned you and [From.GetHerHis] other vassals to a blot. There you will worship and give sacrifice to the lesser deities before taking part in a great feast where you drink to their name.;;;;;;;;;x;
EVTDESC_CK2RPGBLOT_602;Your liege, [From.GetTitledFirstName], remains trapped in [From.GetHerHis] savage ways, and now [From.GetSheHe] has summoned all of [From.GetHerHis] vassals to a blot where [From.GetSheHe] intends to give sacrifice to [From.GetHerHis] pagan gods. Since you do not practise their absurd religion, you will be expected to contribute gold in order to be exempted from this ceremony.;Your liege, [From.GetTitledFirstName], remains trapped in [From.GetHerHis] savage ways, and now [From.GetSheHe] has summoned all of [From.GetHerHis] vassals to a blot where [From.GetSheHe] intends to give sacrifice to [From.GetHerHis] pagan gods. Since you do not practise their absurd religion, you will be expected to contribute gold in order to be exempted from this ceremony; Your liege, [From.GetTitledFirstName], remains trapped in [From.GetHerHis] savage ways, and now [From.GetSheHe] has summoned all of [From.GetHerHis] vassals to a blot where [From.GetSheHe] intends to give sacrifice to [From.GetHerHis] pagan gods. Since you do not practise their absurd religion, you will be expected to contribute gold in order to be exempted from this ceremony;; Your liege, [From.GetTitledFirstName], remains trapped in [From.GetHerHis] savage ways, and now [From.GetSheHe] has summoned all of [From.GetHerHis] vassals to a blot where [From.GetSheHe] intends to give sacrifice to [From.GetHerHis] pagan gods. Since you do not practise their absurd religion, you will be expected to contribute gold in order to be exempted from this ceremony.;;;;;;;;;x;
EVTDESC_CK2RPGBLOT_636;Despite having sworn you fealty, [From.GetTitledFirstName] refuses to offer gold in order to be exempted from the blot! According to [From.GetFirstName], [From.Religion.GetRandomGodName] would not forgive [From.GetHerHim] if [From.GetSheHe] contributed as much as a single copper to our holy festival.; Despite having sworn you fealty, [From.GetTitledFirstName] refuses to offer gold in order to be exempted from the blot! According to [From.GetFirstName], [From.Religion.GetRandomGodName] would not forgive [From.GetHerHim] if [From.GetSheHe] contributed as much as a single copper to our holy festival.; Despite having sworn you fealty, [From.GetTitledFirstName] refuses to offer gold in order to be exempted from the blot! According to [From.GetFirstName], [From.Religion.GetRandomGodName] would not forgive [From.GetHerHim] if [From.GetSheHe] contributed as much as a single copper to our holy festival.;; Despite having sworn you fealty, [From.GetTitledFirstName] refuses to offer gold in order to be exempted from the blot! According to [From.GetFirstName], [From.Religion.GetRandomGodName] would not forgive [From.GetHerHim] if [From.GetSheHe] contributed as much as a single copper to our holy festival..;;;;;;;;;x
EVTDESC_CK2RPGBLOT_604;The guests have arrived, and the time has come for the blot to begin! You gather outside the church, and start by offering animals as sacrifice to the lesser deities. While their meat is prepared for the feast that is to follow, orators dazzle the crowd with sermons of Christ’s supremacy and love of man;The guests have arrived, and the time has come for the blot to begin! You gather outside the church, and start by offering animals as sacrifice to the lesser deities. While their meat is prepared for the feast that is to follow, orators dazzle the crowd with sermons of Christ’s supremacy and love of man.; The guests have arrived, and the time has come for the blot to begin! You gather outside the church, and start by offering animals as sacrifice to the lesser deities. While their meat is prepared for the feast that is to follow, orators dazzle the crowd with sermons of Christ’s supremacy and love of man;; The guests have arrived, and the time has come for the blot to begin! You gather outside the church, and start by offering animals as sacrifice to the lesser deities. While their meat is prepared for the feast that is to follow, orators dazzle the crowd with sermons of Christ’s supremacy and love of man.;;;;;;;;;x;
jblot_begins;We prepare the sacrificial fire...;We prepare the sacrificial fire...;We prepare the sacrificial fire...;;We prepare the sacrificial fire...;;;;;;;;;x;
EVTDESC_CK2RPGBLOT_605;The time has come for the blot held by [From.GetTitledFirstName] to begin! You gather outside the church, and start by offering animals as sacrifice to the lesser deities. While their meat is prepared for the feast that is to follow, orators dazzle the crowd with sermons of Christ’s supremacy and love of man.;The time has come for the blot held by [From.GetTitledFirstName] to begin! You gather outside the church, and start by offering animals as sacrifice to the lesser deities. While their meat is prepared for the feast that is to follow, orators dazzle the crowd with sermons of Christ’s supremacy and love of man.;The time has come for the blot held by [From.GetTitledFirstName] to begin! You gather outside the church, and start by offering animals as sacrifice to the lesser deities. While their meat is prepared for the feast that is to follow, orators dazzle the crowd with sermons of Christ’s supremacy and love of man.;;The time has come for the blot held by [From.GetTitledFirstName] to begin! You gather outside the church, and start by offering animals as sacrifice to the lesser deities. While their meat is prepared for the feast that is to follow, orators dazzle the crowd with sermons of Christ’s supremacy and love of man.;;;;;;;;;x
EVTDESC_CK2RPGBLOT_606;Although you have been told little, the noise from outside your dungeon is enough to make it clear that your captor, [Root.Host.GetTitledFirstName] is holding a blot where [Root.Host.GetSheHe] will offer sacrifice in the name of [Root.Host.GetHerHis] religion. Guards burst inside your cell and drag you away to the smoldering pit outside the local church... ;Although you have been told little, the noise from outside your dungeon is enough to make it clear that your captor, [Root.Host.GetTitledFirstName] is holding a blot where [Root.Host.GetSheHe] will offer sacrifice in the name of [Root.Host.GetHerHis] religion. Guards burst inside your cell and drag you away to the smoldering pit outside the local church... ;Although you have been told little, the noise from outside your dungeon is enough to make it clear that your captor, [Root.Host.GetTitledFirstName] is holding a blot where [Root.Host.GetSheHe] will offer sacrifice in the name of [Root.Host.GetHerHis] religion. Guards burst inside your cell and drag you away to the smoldering pit outside the local church... ;;Although you have been told little, the noise from outside your dungeon is enough to make it clear that your captor, [Root.Host.GetTitledFirstName] is holding a blot where [Root.Host.GetSheHe] will offer sacrifice in the name of [Root.Host.GetHerHis] religion. Guards burst inside your cell and drag you away to the smoldering pit outside the local church... ;;;;;;;;;x;
EVTDESC_CK2RPGBLOT_610;[From.GetTitledFirstName] is brought up from your dungeons and escorted to the sacrificial fires. A man binds [From.GetHerHis] hands and feet and guides [From.GetHerHis] onto the platform. A small yellow pool forms at [From.GetFirstName]'s feet.;[From.GetTitledFirstName] is brought up from your dungeons and escorted to the sacrificial fires. A man binds [From.GetHerHis] hands and feet and guides [From.GetHerHis] onto the platform. A small yellow pool forms at [From.GetFirstName]'s feet.;[From.GetTitledFirstName] is brought up from your dungeons and escorted to the sacrificial fires. A man binds [From.GetHerHis] hands and feet and guides [From.GetHerHis] onto the platform. A small yellow pool forms at [From.GetFirstName]'s feet.;;[From.GetTitledFirstName] is brought up from your dungeons and escorted to the sacrificial fires. A man binds [From.GetHerHis] hands and feet and guides [From.GetHerHis] onto the platform. A small yellow pool forms at [From.GetFirstName]'s feet.;;;;;;;;;x;
EVTOPTA_CK2RPGBLOT_610;In the name of Our Lord and the many deities beneath him...;In the name of Our Lord and the many deities beneath him...;In the name of Our Lord and the many deities beneath him...;;In the name of Our Lord and the many deities beneath him...;;;;;;;;;x;
EVTDESC_CK2RPGBLOT_611;[From.GetTitledFirstName] is brought up from your dungeons and escorted to the sacrificial fires. As someone binds [From.GetHerHis] hands and feet, [From.GetSheHe] steadies [From.GetHerselfHimself] and murmurs several passages from the Bible.;[From.GetTitledFirstName] is brought up from your dungeons and escorted to the sacrificial fires. As someone binds [From.GetHerHis] hands and feet, [From.GetSheHe] steadies [From.GetHerselfHimself] and murmurs several passages from the Bible.;[From.GetTitledFirstName] is brought up from your dungeons and escorted to the sacrificial fires. As someone binds [From.GetHerHis] hands and feet, [From.GetSheHe] steadies [From.GetHerselfHimself] and murmurs several passages from the Bible.;;[From.GetTitledFirstName] is brought up from your dungeons and escorted to the sacrificial fires. As someone binds [From.GetHerHis] hands and feet, [From.GetSheHe] steadies [From.GetHerselfHimself] and murmurs several passages from the Bible.;;;;;;;;;x;
EVTOPTA_CK2RPGBLOT_611;Burn the heretic...;Burn the heretic...;Burn the heretic...;;Burn the heretic...;;;;;;;;;x;
EVTDESC_CK2RPGBLOT_612; [From.GetTitledFirstName] is brought up from your dungeons and escorted to the sacrificial fires. As someone binds [From.GetHerHis] hands and feet, [From.GetSheHe] steadies [From.GetHerselfHimself] and murmurs a passage with closed eyes from the Mohammedan holy book.; [From.GetTitledFirstName] is brought up from your dungeons and escorted to the sacrificial fires. As someone binds [From.GetHerHis] hands and feet, [From.GetSheHe] steadies [From.GetHerselfHimself] and murmurs a passage with closed eyes from the Mohammedan holy book.; [From.GetTitledFirstName] is brought up from your dungeons and escorted to the sacrificial fires. As someone binds [From.GetHerHis] hands and feet, [From.GetSheHe] steadies [From.GetHerselfHimself] and murmurs a passage with closed eyes from the Mohammedan holy book.;; [From.GetTitledFirstName] is brought up from your dungeons and escorted to the sacrificial fires. As someone binds [From.GetHerHis] hands and feet, [From.GetSheHe] steadies [From.GetHerselfHimself] and murmurs a passage with closed eyes from the Mohammedan holy book.;;;;;;;;;x;
EVTDESC_CK2RPGBLOT_613;[From.GetTitledFirstName] is brought up from your dungeons and escorted to the sacrificial fires. Someone binds [From.GetHerHis] hands and feet. He looks at you with pleading eyes. Don't do this, [Root.GetFirstName]. There has to be some other way... ;[From.GetTitledFirstName] is brought up from your dungeons and escorted to the sacrificial fires. Someone binds [From.GetHerHis] hands and feet. He looks at you with pleading eyes. Don't do this, [Root.GetFirstName]. There has to be some other way... ;[From.GetTitledFirstName] is brought up from your dungeons and escorted to the sacrificial fires. Someone binds [From.GetHerHis] hands and feet. He looks at you with pleading eyes. Don't do this, [Root.GetFirstName]. There has to be some other way... ;;[From.GetTitledFirstName] is brought up from your dungeons and escorted to the sacrificial fires. Someone binds [From.GetHerHis] hands and feet. He looks at you with pleading eyes. Don't do this, [Root.GetFirstName]. There has to be some other way... ;;;;;;;;;x;
EVTDESC_CK2RPGBLOT_614;Your sister, [From.GetTitledFirstName], is dragged up from her dungeon and escorted to the temple. She looks up at you with tears streaming down her face as your guards bind [From.GetHerHis] hands and feet. Please, [Root.GetFirstName], she says with a trembling voice. Don't let them do this.;Your sister, [From.GetTitledFirstName], is dragged up from her dungeon and escorted to the temple. She looks up at you with tears streaming down her face as your guards bind [From.GetHerHis] hands and feet. Please, [Root.GetFirstName], she says with a trembling voice. Don't let them do this.;Your sister, [From.GetTitledFirstName], is dragged up from her dungeon and escorted to the temple. She looks up at you with tears streaming down her face as your guards bind [From.GetHerHis] hands and feet. Please, [Root.GetFirstName], she says with a trembling voice. Don't let them do this.;;Your sister, [From.GetTitledFirstName], is dragged up from her dungeon and escorted to the temple. She looks up at you with tears streaming down her face as your guards bind [From.GetHerHis] hands and feet. Please, [Root.GetFirstName], she says with a trembling voice. Don't let them do this.;;;;;;;;;x;
EVTDESC_CK2RPGBLOT_615;The guards drag your father, [From.GetTitledFirstName], from his dungeon and escort him to the sacrificial fires where they bind him. My [Root.GetSonDaughter], he croaks while looking at you. Can't you find it in your heart to forgive me?;The guards drag your father, [From.GetTitledFirstName], from his dungeon and escort him to the sacrificial fires where they bind him. My [Root.GetSonDaughter], he croaks while looking at you. Can't you find it in your heart to forgive me?;The guards drag your father, [From.GetTitledFirstName], from his dungeon and escort him to the sacrificial fires where they bind him. My [Root.GetSonDaughter], he croaks while looking at you. Can't you find it in your heart to forgive me?;;The guards drag your father, [From.GetTitledFirstName], from his dungeon and escort him to the sacrificial fires where they bind him. My [Root.GetSonDaughter], he croaks while looking at you. Can't you find it in your heart to forgive me?;;;;;;;;;x;
EVTDESC_CK2RPGBLOT_616;Distant screaming can be heard as your guards drag your mother, [From.GetTitledFirstName], from her dungeon. They bring her to the sacrificial fires and as they bind her, she looks at you with pleading eyes. W-why would you do this to your own mother?;Distant screaming can be heard as your guards drag your mother, [From.GetTitledFirstName], from her dungeon. They bring her to the sacrificial fires and as they bind her, she looks at you with pleading eyes. W-why would you do this to your own mother?;Distant screaming can be heard as your guards drag your mother, [From.GetTitledFirstName], from her dungeon. They bring her to the sacrificial fires and as they bind her, she looks at you with pleading eyes. W-why would you do this to your own mother?;;Distant screaming can be heard as your guards drag your mother, [From.GetTitledFirstName], from her dungeon. They bring her to the sacrificial fires and as they bind her, she looks at you with pleading eyes. W-why would you do this to your own mother?;;;;;;;;;x;
EVTDESC_CK2RPGBLOT_617;The guards fetch your son, [From.GetTitledFirstName], from his dungeon and lead him to the sacrificial fires. Someone binds [From.GetHerHis] hands and feet and lead him onto the platform. Before your shove him into the coals, your son looks at you with tearful eyes. Please don't, [Root.GetFatherMother]... please don't.;The guards fetch your son, [From.GetTitledFirstName], from his dungeon and lead him to the sacrificial fires. Someone binds [From.GetHerHis] hands and feet and lead him onto the platform. Before your shove him into the coals, your son looks at you with tearful eyes. Please don't, [Root.GetFatherMother]... please don't.;The guards fetch your son, [From.GetTitledFirstName], from his dungeon and lead him to the sacrificial fires. Someone binds [From.GetHerHis] hands and feet and lead him onto the platform. Before your shove him into the coals, your son looks at you with tearful eyes. Please don't, [Root.GetFatherMother]... please don't.;;The guards fetch your son, [From.GetTitledFirstName], from his dungeon and lead him to the sacrificial fires. Someone binds [From.GetHerHis] hands and feet and lead him onto the platform. Before your shove him into the coals, your son looks at you with tearful eyes. Please don't, [Root.GetFatherMother]... please don't.;;;;;;;;;x;
EVTDESC_CK2RPGBLOT_618;Your daughter, [From.GetTitledFirstName], is pulled from her dungeon and brought to the sacrificial fires by your guards. As someone binds [From.GetHerHis] hands and feet, she looks at you with a desperate yet piercing glare. Is this really what you have been reduced to, [Root.GetFatherMother]? To do this... against your own daughter?;Your daughter, [From.GetTitledFirstName], is pulled from her dungeon and brought to the sacrificial fires by your guards. As someone binds [From.GetHerHis] hands and feet, she looks at you with a desperate yet piercing glare. Is this really what you have been reduced to, [Root.GetFatherMother]? To do this... against your own daughter?;Your daughter, [From.GetTitledFirstName], is pulled from her dungeon and brought to the sacrificial fires by your guards. As someone binds [From.GetHerHis] hands and feet, she looks at you with a desperate yet piercing glare. Is this really what you have been reduced to, [Root.GetFatherMother]? To do this... against your own daughter?;;Your daughter, [From.GetTitledFirstName], is pulled from her dungeon and brought to the sacrificial fires by your guards. As someone binds [From.GetHerHis] hands and feet, she looks at you with a desperate yet piercing glare. Is this really what you have been reduced to, [Root.GetFatherMother]? To do this... against your own daughter?;;;;;;;;;x;
EVTDESC_CK2RPGBLOT_619;[From.GetTitledFirstName] is brought from your dungeons by the guards and led onto the platform before the sacrificial fires. As someone binds [From.GetHerHis] hands and feet, [From.GetFirstName] cries out to you. Don't do this, [Root.GetFirstName]! We are family and of the same blood!;[From.GetTitledFirstName] is brought from your dungeons by the guards and led onto the platform before the sacrificial fires. As someone binds [From.GetHerHis] hands and feet, [From.GetFirstName] cries out to you. Don't do this, [Root.GetFirstName]! We are family and of the same blood!;[From.GetTitledFirstName] is brought from your dungeons by the guards and led onto the platform before the sacrificial fires. As someone binds [From.GetHerHis] hands and feet, [From.GetFirstName] cries out to you. Don't do this, [Root.GetFirstName]! We are family and of the same blood!;;[From.GetTitledFirstName] is brought from your dungeons by the guards and led onto the platform before the sacrificial fires. As someone binds [From.GetHerHis] hands and feet, [From.GetFirstName] cries out to you. Don't do this, [Root.GetFirstName]! We are family and of the same blood!;;;;;;;;;x;
EVTDESC_CK2RPGBLOT_620;Your spouse, [From.GetTitledFirstName], is dragged to the gallows in front of the sacrificial fires and your guards bind [From.GetHerHis] hands and feet. In a last desperate effort to save  [From.GetHerselfHimself], [From.GetFirstName] calls out to you for mercy. I have always loved you, [Root.GetFirstName]... and I always will.;Your spouse, [From.GetTitledFirstName], is dragged to the gallows in front of the sacrificial fires and your guards bind [From.GetHerHis] hands and feet. In a last desperate effort to save  [From.GetHerselfHimself], [From.GetFirstName] calls out to you for mercy. I have always loved you, [Root.GetFirstName]... and I always will.;Your spouse, [From.GetTitledFirstName], is dragged to the gallows in front of the sacrificial fires and your guards bind [From.GetHerHis] hands and feet. In a last desperate effort to save  [From.GetHerselfHimself], [From.GetFirstName] calls out to you for mercy. I have always loved you, [Root.GetFirstName]... and I always will.;;Your spouse, [From.GetTitledFirstName], is dragged to the gallows in front of the sacrificial fires and your guards bind [From.GetHerHis] hands and feet. In a last desperate effort to save  [From.GetHerselfHimself], [From.GetFirstName] calls out to you for mercy. I have always loved you, [Root.GetFirstName]... and I always will.;;;;;;;;;x;
EVTDESC_CK2RPGBLOT_621;From deep within your dungeons, your guards bring out [From.GetTitledFirstName], your Aztec prisoner. As they drag [From.GetHerHim] to the front of the sacrificial fires and bind [From.GetHerHis] hands and feet, the Aztec shouts something in [From.GetHerHis] own language and stares at you defiantly.;From deep within your dungeons, your guards bring out [From.GetTitledFirstName], your Aztec prisoner. As they drag [From.GetHerHim] to the front of the sacrificial fires and bind [From.GetHerHis] hands and feet, the Aztec shouts something in [From.GetHerHis] own language and stares at you defiantly.;From deep within your dungeons, your guards bring out [From.GetTitledFirstName], your Aztec prisoner. As they drag [From.GetHerHim] to the front of the sacrificial fires and bind [From.GetHerHis] hands and feet, the Aztec shouts something in [From.GetHerHis] own language and stares at you defiantly.;;From deep within your dungeons, your guards bring out [From.GetTitledFirstName], your Aztec prisoner. As they drag [From.GetHerHim] to the front of the sacrificial fires and bind [From.GetHerHis] hands and feet, the Aztec shouts something in [From.GetHerHis] own language and stares at you defiantly.;;;;;;;;;x;
EVTOPTB_CK2RPGBLOT_621;It would be a shame to burn someone as brave as this.;It would be a shame to burn someone as brave as this.;It would be a shame to burn someone as brave as this.;;It would be a shame to burn someone as brave as this.;;;;;;;;;x;
EVTDESC_CK2RPGBLOT_622;[FromFrom.GetTitledFirstName] is dragged to the sacrificial fires in front of the church and [FromFrom.GetHerHis] hands and feet are bound. Soon [FromFrom.GetFirstName]'s body is charred and burnt by the fires of the pit.;[FromFrom.GetTitledFirstName] is dragged to the sacrificial fires in front of the church and [FromFrom.GetHerHis] hands and feet are bound. Soon [FromFrom.GetFirstName]'s body is charred and burnt by the fires of the pit.;[FromFrom.GetTitledFirstName] is dragged to the sacrificial fires in front of the church and [FromFrom.GetHerHis] hands and feet are bound. Soon [FromFrom.GetFirstName]'s body is charred and burnt by the fires of the pit.;;[FromFrom.GetTitledFirstName] is dragged to the sacrificial fires in front of the church and [FromFrom.GetHerHis] hands and feet are bound. Soon [FromFrom.GetFirstName]'s body is charred and burnt by the fires of the pit.;;;;;;;;;x;
EVTOPTA_CK2RPGBLOT_622;This should please those we worship!;This should please those we worship!;This should please those we worship!;;This should please those we worship!;;;;;;;;;x;
EVTDESC_CK2RPGBLOT_623;Your liege's guards have brought a Christian, [FromFrom.GetTitledFirstName], to the sacrificial fires. As the ropes are placed around [FromFrom.GetHerHis] hands, [FromFrom.GetSheHe] continues to prattle on about the Holy Spirit and how we shall all suffer in Hell for our sins... but soon [FromFrom.GetSheHe] speaks no more.;Your liege's guards have brought a Christian, [FromFrom.GetTitledFirstName], to the sacrificial fires. As the ropes are placed around [FromFrom.GetHerHis] hands, [FromFrom.GetSheHe] continues to prattle on about the Holy Spirit and how we shall all suffer in Hell for our sins... but soon [FromFrom.GetSheHe] speaks no more.;Your liege's guards have brought a Christian, [FromFrom.GetTitledFirstName], to the sacrificial fires. As the ropes are placed around [FromFrom.GetHerHis] hands, [FromFrom.GetSheHe] continues to prattle on about the Holy Spirit and how we shall all suffer in Hell for our sins... but soon [FromFrom.GetSheHe] speaks no more.;;Your liege's guards have brought a Christian, [FromFrom.GetTitledFirstName], to the sacrificial fires. As the ropes are placed around [FromFrom.GetHerHis] hands, [FromFrom.GetSheHe] continues to prattle on about the Holy Spirit and how we shall all suffer in Hell for our sins... but soon [FromFrom.GetSheHe] speaks no more.;;;;;;;;;x;
EVTDESC_CK2RPGBLOT_624;[FromFrom.GetTitledFirstName], a Mohammedan from your liege's dungeons, has been brought to the temple and will now be sacrificed to the gods. As they bind [FromFrom.GetHerHis] hands and feet, [FromFrom.GetSheHe] quotes a passage from their holy book right up until they throw him in the pit and [FromFrom.GetHerHis] body hits the coals.;[FromFrom.GetTitledFirstName], a Mohammedan from your liege's dungeons, has been brought to the temple and will now be sacrificed to the gods. As they bind [FromFrom.GetHerHis] hands and feet, [FromFrom.GetSheHe] quotes a passage from their holy book right up until they throw him in the pit and [FromFrom.GetHerHis] body hits the coals.;[FromFrom.GetTitledFirstName], a Mohammedan from your liege's dungeons, has been brought to the temple and will now be sacrificed to the gods. As they bind [FromFrom.GetHerHis] hands and feet, [FromFrom.GetSheHe] quotes a passage from their holy book right up until they throw him in the pit and [FromFrom.GetHerHis] body hits the coals.;;[FromFrom.GetTitledFirstName], a Mohammedan from your liege's dungeons, has been brought to the temple and will now be sacrificed to the gods. As they bind [FromFrom.GetHerHis] hands and feet, [FromFrom.GetSheHe] quotes a passage from their holy book right up until they throw him in the pit and [FromFrom.GetHerHis] body hits the coals.;;;;;;;;;x;
EVTDESC_CK2RPGBLOT_625;Your liege has told [From.GetHerHis] men to fetch [FromFrom.GetTitledFirstName], [From.GetHerHis] own brother, from the dungeons. [From.GetFirstName] betrays no emotion as [FromFrom.GetFirstName] is brought up to the sacrificial flames, and soon he disappears into a cloud of rising sparks and black smoke.;Your liege has told [From.GetHerHis] men to fetch [FromFrom.GetTitledFirstName], [From.GetHerHis] own brother, from the dungeons. [From.GetFirstName] betrays no emotion as [FromFrom.GetFirstName] is brought up to the sacrificial flames, and soon he disappears into a cloud of rising sparks and black smoke.;Your liege has told [From.GetHerHis] men to fetch [FromFrom.GetTitledFirstName], [From.GetHerHis] own brother, from the dungeons. [From.GetFirstName] betrays no emotion as [FromFrom.GetFirstName] is brought up to the sacrificial flames, and soon he disappears into a cloud of rising sparks and black smoke.;;Your liege has told [From.GetHerHis] men to fetch [FromFrom.GetTitledFirstName], [From.GetHerHis] own brother, from the dungeons. [From.GetFirstName] betrays no emotion as [FromFrom.GetFirstName] is brought up to the sacrificial flames, and soon he disappears into a cloud of rising sparks and black smoke.;;;;;;;;;x;
EVTDESC_CK2RPGBLOT_626;It seems your liege has decided to sacrifice [FromFrom.GetTitledFirstName], [From.GetHerHis] own sister, to the Lord's servants. She has been brought out from [From.GetFirstName]'s dungeons.  As they bind her hands and feet she pleads for her life.  She is thrown into the pit below, maybe she'll get her wish. Maybe she'll wish she hadn't.;It seems your liege has decided to sacrifice [FromFrom.GetTitledFirstName], [From.GetHerHis] own sister, to the Lord's servants. She has been brought out from [From.GetFirstName]'s dungeons.  As they bind her hands and feet she pleads for her life.  She is thrown into the pit below, maybe she'll get her wish. Maybe she'll wish she hadn't.;It seems your liege has decided to sacrifice [FromFrom.GetTitledFirstName], [From.GetHerHis] own sister, to the Lord's servants. She has been brought out from [From.GetFirstName]'s dungeons.  As they bind her hands and feet she pleads for her life.  She is thrown into the pit below, maybe she'll get her wish. Maybe she'll wish she hadn't.;;It seems your liege has decided to sacrifice [FromFrom.GetTitledFirstName], [From.GetHerHis] own sister, to the Lord's servants. She has been brought out from [From.GetFirstName]'s dungeons.  As they bind her hands and feet she pleads for her life.  She is thrown into the pit below, maybe she'll get her wish. Maybe she'll wish she hadn't.;;;;;;;;;x;
EVTDESC_CK2RPGBLOT_627;To your surprise, [FromFrom.GetTitledFirstName] orders [FromFrom.GetHerHis] guards to bring out [FromFrom.GetTitledFirstName] - [FromFrom.GetHerHis] own father. He is brought to the sacrificial flames, and soon he is committed to their judgement.;To your surprise, [FromFrom.GetTitledFirstName] orders [FromFrom.GetHerHis] guards to bring out [FromFrom.GetTitledFirstName] - [FromFrom.GetHerHis] own father. He is brought to the sacrificial flames, and soon he is committed to their judgement.;To your surprise, [FromFrom.GetTitledFirstName] orders [FromFrom.GetHerHis] guards to bring out [FromFrom.GetTitledFirstName] - [FromFrom.GetHerHis] own father. He is brought to the sacrificial flames, and soon he is committed to their judgement.;;To your surprise, [FromFrom.GetTitledFirstName] orders [FromFrom.GetHerHis] guards to bring out [FromFrom.GetTitledFirstName] - [FromFrom.GetHerHis] own father. He is brought to the sacrificial flames, and soon he is committed to their judgement.;;;;;;;;;x;
EVTDESC_CK2RPGBLOT_628;[FromFrom.GetTitledFirstName], the mother of your liege, appears before the sacrificial fires flanked by guards, and to your surprise they escort her right up to the platform for the condemned. She pleads in vain with [From.GetTitledFirstName], but [From.GetSheHe] will not be moved. Within moments, she her body is committed to the flames below.;[FromFrom.GetTitledFirstName], the mother of your liege, appears before the sacrificial fires flanked by guards, and to your surprise they escort her right up to the platform for the condemned. She pleads in vain with [From.GetTitledFirstName], but [From.GetSheHe] will not be moved. Within moments, she her body is committed to the flames below.;[FromFrom.GetTitledFirstName], the mother of your liege, appears before the sacrificial fires flanked by guards, and to your surprise they escort her right up to the platform for the condemned. She pleads in vain with [From.GetTitledFirstName], but [From.GetSheHe] will not be moved. Within moments, she her body is committed to the flames below.;;[FromFrom.GetTitledFirstName], the mother of your liege, appears before the sacrificial fires flanked by guards, and to your surprise they escort her right up to the platform for the condemned. She pleads in vain with [From.GetTitledFirstName], but [From.GetSheHe] will not be moved. Within moments, she her body is committed to the flames below.;;;;;;;;;x;
EVTDESC_CK2RPGBLOT_629;[From.GetTitledFirstName] marches [From.GetTitledHerHis] own son, [FromFrom.GetTitledFirstName], to the sacrificial fires outside the church. He is to be the next sacrifice. All of his pleas fall on deaf ears, and moments later the guards place throw him into the fire pit.  We'll see how much of him survives.;[From.GetTitledFirstName] marches [From.GetTitledHerHis] own son, [FromFrom.GetTitledFirstName], to the sacrificial fires outside the church. He is to be the next sacrifice. All of his pleas fall on deaf ears, and moments later the guards place throw him into the fire pit.  We'll see how much of him survives.;[From.GetTitledFirstName] marches [From.GetTitledHerHis] own son, [FromFrom.GetTitledFirstName], to the sacrificial fires outside the church. He is to be the next sacrifice. All of his pleas fall on deaf ears, and moments later the guards place throw him into the fire pit.  We'll see how much of him survives.;;[From.GetTitledFirstName] marches [From.GetTitledHerHis] own son, [FromFrom.GetTitledFirstName], to the sacrificial fires outside the church. He is to be the next sacrifice. All of his pleas fall on deaf ears, and moments later the guards place throw him into the fire pit.  We'll see how much of him survives.;;;;;;;;;x;
EVTDESC_CK2RPGBLOT_630_adj;Those assembled at the blot gasp in surprise when [FromFrom.GetTitledFirstName], daughter of [From.GetTitledFirstName], is dragged up to the sacrificial fires for the next sacrifice. She asks her [From.GetFatherMother] for mercy, but none is forthcoming.;Those assembled at the blot gasp in surprise when [FromFrom.GetTitledFirstName], daughter of [From.GetTitledFirstName], is dragged up to the sacrificial fires for the next sacrifice. She asks her [From.GetFatherMother] for mercy, but none is forthcoming.;Those assembled at the blot gasp in surprise when [FromFrom.GetTitledFirstName], daughter of [From.GetTitledFirstName], is dragged up to the sacrificial fires for the next sacrifice. She asks her [From.GetFatherMother] for mercy, but none is forthcoming.;;Those assembled at the blot gasp in surprise when [FromFrom.GetTitledFirstName], daughter of [From.GetTitledFirstName], is dragged up to the sacrificial fires for the next sacrifice. She asks her [From.GetFatherMother] for mercy, but none is forthcoming.;;;;;;;;;x;
EVTDESC_CK2RPGBLOT_631;[FromFrom.GetTitledFirstName], a member of [From.GetFirstName]'s own extended family, is dragged from the dungeons and brought to the sacrificial fires. Despite, or perhaps because of, the fact that they are of the same blood, [From.GetFirstName] shows no mercy and the sacrifice takes place as planned.;[FromFrom.GetTitledFirstName], a member of [From.GetFirstName]'s own extended family, is dragged from the dungeons and brought to the sacrificial fires. Despite, or perhaps because of, the fact that they are of the same blood, [From.GetFirstName] shows no mercy and the sacrifice takes place as planned.;[FromFrom.GetTitledFirstName], a member of [From.GetFirstName]'s own extended family, is dragged from the dungeons and brought to the sacrificial fires. Despite, or perhaps because of, the fact that they are of the same blood, [From.GetFirstName] shows no mercy and the sacrifice takes place as planned.;;[FromFrom.GetTitledFirstName], a member of [From.GetFirstName]'s own extended family, is dragged from the dungeons and brought to the sacrificial fires. Despite, or perhaps because of, the fact that they are of the same blood, [From.GetFirstName] shows no mercy and the sacrifice takes place as planned.;;;;;;;;;x;
EVTDESC_CK2RPGBLOT_632;[From.GetTitledFirstName] has apparently decided to sacrifice [From.GetHerHis] own spouse, [FromFrom.GetTitledFirstName], to the gods, and [FromFrom.GetSheHe] has been brought in chains to the flames. Despite professing [FromFrom.GetHerHis] continued love, [From.GetFirstName] has decided to go ahead with the sacrifice.;[From.GetTitledFirstName] has apparently decided to sacrifice [From.GetHerHis] own spouse, [FromFrom.GetTitledFirstName], to the gods, and [FromFrom.GetSheHe] has been brought in chains to the flames. Despite professing [FromFrom.GetHerHis] continued love, [From.GetFirstName] has decided to go ahead with the sacrifice.;[From.GetTitledFirstName] has apparently decided to sacrifice [From.GetHerHis] own spouse, [FromFrom.GetTitledFirstName], to the gods, and [FromFrom.GetSheHe] has been brought in chains to the flames. Despite professing [FromFrom.GetHerHis] continued love, [From.GetFirstName] has decided to go ahead with the sacrifice.;;[From.GetTitledFirstName] has apparently decided to sacrifice [From.GetHerHis] own spouse, [FromFrom.GetTitledFirstName], to the gods, and [FromFrom.GetSheHe] has been brought in chains to the flames. Despite professing [FromFrom.GetHerHis] continued love, [From.GetFirstName] has decided to go ahead with the sacrifice.;;;;;;;;;x;
EVTDESC_CK2RPGBLOT_633;In honor of this blot, your liege produces an Aztec from deep within [From.GetHerHis] dungeons. [FromFrom.GetTitledFirstName] is brought to the temple for the sacrifice, and everyone agrees that this is a most worthy sacrifice.;In honor of this blot, your liege produces an Aztec from deep within [From.GetHerHis] dungeons. [FromFrom.GetTitledFirstName] is brought to the temple for the sacrifice, and everyone agrees that this is a most worthy sacrifice.;In honor of this blot, your liege produces an Aztec from deep within [From.GetHerHis] dungeons. [FromFrom.GetTitledFirstName] is brought to the temple for the sacrifice, and everyone agrees that this is a most worthy sacrifice.;;In honor of this blot, your liege produces an Aztec from deep within [From.GetHerHis] dungeons. [FromFrom.GetTitledFirstName] is brought to the temple for the sacrifice, and everyone agrees that this is a most worthy sacrifice.;;;;;;;;;x;
EVTDESC_CK2RPGBLOT_634;As you have no prisoners languishing in your dungeons that are suitable for sacrifice at the blot, you are forced to make do with some randomly purchased slaves. They are brought to the sacrificial fires outside the church, and soon their charred and unrecognisable bodies are being fished from the smouldering pit.;As you have no prisoners languishing in your dungeons that are suitable for sacrifice at the blot, you are forced to make do with some randomly purchased slaves. They are brought to the sacrificial fires outside the church, and soon their charred and unrecognisable bodies are being fished from the smouldering pit.;As you have no prisoners languishing in your dungeons that are suitable for sacrifice at the blot, you are forced to make do with some randomly purchased slaves. They are brought to the sacrificial fires outside the church, and soon their charred and unrecognisable bodies are being fished from the smouldering pit.;;As you have no prisoners languishing in your dungeons that are suitable for sacrifice at the blot, you are forced to make do with some randomly purchased slaves. They are brought to the sacrificial fires outside the church, and soon their charred and unrecognisable bodies are being fished from the smouldering pit.;;;;;;;;;x;
EVTDESC_CK2RPGBLOT_635;As [From.GetTitledFirstName] had no prisoners languishing in [From.GetHerHis] dungeons that were suitable for sacrifice at the blot, your liege was forced to make do with some randomly purchased slaves. They are brought to the sacrificial fires outside the church, and soon their charred and unrecognisable bodies are being fished from the smouldering pit.;As [From.GetTitledFirstName] had no prisoners languishing in [From.GetHerHis] dungeons that were suitable for sacrifice at the blot, your liege was forced to make do with some randomly purchased slaves. They are brought to the sacrificial fires outside the church, and soon their charred and unrecognisable bodies are being fished from the smouldering pit.;As [From.GetTitledFirstName] had no prisoners languishing in [From.GetHerHis] dungeons that were suitable for sacrifice at the blot, your liege was forced to make do with some randomly purchased slaves. They are brought to the sacrificial fires outside the church, and soon their charred and unrecognisable bodies are being fished from the smouldering pit.;;As [From.GetTitledFirstName] had no prisoners languishing in [From.GetHerHis] dungeons that were suitable for sacrifice at the blot, your liege was forced to make do with some randomly purchased slaves. They are brought to the sacrificial fires outside the church, and soon their charred and unrecognisable bodies are being fished from the smouldering pit.;;;;;;;;;x;
EVTDESC_CK2RPGBLOT_637;As you stand bound and trembling before the great sacrificial fire pit, [From.GetTitledFirstName] suddenly seems to have had a change of mind. Your bindings are removed and you are brought back to the dungeon. It looks like you will live to see another day.;As you stand bound and trembling before the great sacrificial fire pit, [From.GetTitledFirstName] suddenly seems to have had a change of mind. Your bindings are removed and you are brought back to the dungeon. It looks like you will live to see another day.;As you stand bound and trembling before the great sacrificial fire pit, [From.GetTitledFirstName] suddenly seems to have had a change of mind. Your bindings are removed and you are brought back to the dungeon. It looks like you will live to see another day.;;As you stand bound and trembling before the great sacrificial fire pit, [From.GetTitledFirstName] suddenly seems to have had a change of mind. Your bindings are removed and you are brought back to the dungeon. It looks like you will live to see another day.;;;;;;;;;x;
EVTDESC_CK2RPGBLOT_680;[From.GetTitledFirstName] is brought up from your dungeons and escorted to the sacrificial fires. When [From.GetSheHe] sees the bindings about to be locked around [From.GetHerHis] limbs, [From.GetSheHe] pushes the nearest guard aside and makes a desperate run for it, but to no avail. Your men drag [From.GetHerHim] kicking and screaming back to the flames.;[From.GetTitledFirstName] is brought up from your dungeons and escorted to the sacrificial fires. When [From.GetSheHe] sees the bindings about to be locked around [From.GetHerHis] limbs, [From.GetSheHe] pushes the nearest guard aside and makes a desperate run for it, but to no avail. Your men drag [From.GetHerHim] kicking and screaming back to the flames.;[From.GetTitledFirstName] is brought up from your dungeons and escorted to the sacrificial fires. When [From.GetSheHe] sees the bindings about to be locked around [From.GetHerHis] limbs, [From.GetSheHe] pushes the nearest guard aside and makes a desperate run for it, but to no avail. Your men drag [From.GetHerHim] kicking and screaming back to the flames.;;[From.GetTitledFirstName] is brought up from your dungeons and escorted to the sacrificial fires. When [From.GetSheHe] sees the bindings about to be locked around [From.GetHerHis] limbs, [From.GetSheHe] pushes the nearest guard aside and makes a desperate run for it, but to no avail. Your men drag [From.GetHerHim] kicking and screaming back to the flames.;;;;;;;;;x;
EVTDESC_CK2RPGBLOT_681;[From.GetTitledFirstName] is brought up from your dungeons and escorted to the church. Even as [From.GetHerHis] limbs are bound, [From.GetFirstName] stares vacantly ahead without betraying any emotion whatsoever. It would seem [From.GetSheHe] has accepted [From.GetHerHis] fate.;[From.GetTitledFirstName] is brought up from your dungeons and escorted to the church. Even as [From.GetHerHis] limbs are bound, [From.GetFirstName] stares vacantly ahead without betraying any emotion whatsoever. It would seem [From.GetSheHe] has accepted [From.GetHerHis] fate.;[From.GetTitledFirstName] is brought up from your dungeons and escorted to the church. Even as [From.GetHerHis] limbs are bound, [From.GetFirstName] stares vacantly ahead without betraying any emotion whatsoever. It would seem [From.GetSheHe] has accepted [From.GetHerHis] fate.;;[From.GetTitledFirstName] is brought up from your dungeons and escorted to the church. Even as [From.GetHerHis] limbs are bound, [From.GetFirstName] stares vacantly ahead without betraying any emotion whatsoever. It would seem [From.GetSheHe] has accepted [From.GetHerHis] fate.;;;;;;;;;x;
EVTDESC_CK2RPGBLOT_682;[From.GetTitledFirstName] is brought up from your dungeons and escorted to the sacrificial fires. As soon as [From.GetSheHe] spots you among those gathered nearby, [From.GetSheHe] hurls insults and spittle your way, continuing even as they bind [From.GetHerHis] hands and feet. The hatred in [From.GetHerHis] eyes cannot be mistaken.;[From.GetTitledFirstName] is brought up from your dungeons and escorted to the sacrificial fires. As soon as [From.GetSheHe] spots you among those gathered nearby, [From.GetSheHe] hurls insults and spittle your way, continuing even as they bind [From.GetHerHis] hands and feet. The hatred in [From.GetHerHis] eyes cannot be mistaken.;[From.GetTitledFirstName] is brought up from your dungeons and escorted to the sacrificial fires. As soon as [From.GetSheHe] spots you among those gathered nearby, [From.GetSheHe] hurls insults and spittle your way, continuing even as they bind [From.GetHerHis] hands and feet. The hatred in [From.GetHerHis] eyes cannot be mistaken.;;[From.GetTitledFirstName] is brought up from your dungeons and escorted to the sacrificial fires. As soon as [From.GetSheHe] spots you among those gathered nearby, [From.GetSheHe] hurls insults and spittle your way, continuing even as they bind [From.GetHerHis] hands and feet. The hatred in [From.GetHerHis] eyes cannot be mistaken.;;;;;;;;;x;
EVTDESC_JESUSITEFLIP1;One day while riding through [Root.GetName], you and yours come across nearby hidden voices - some sort of gathering is happening in the wild.  Your bodyguard warn it might be a den of thieves or a coven of witches, but you aren’t as sure.;One day while riding through [Root.GetName], you and yours come across nearby hidden voices - some sort of gathering is happening in the wild.  Your bodyguard warn it might be a den of thieves or a coven of witches, but you aren’t as sure.;One day while riding through [Root.GetName], you and yours come across nearby hidden voices - some sort of gathering is happening in the wild.  Your bodyguard warn it might be a den of thieves or a coven of witches, but you aren’t as sure.;;One day while riding through [Root.GetName], you and yours come across nearby hidden voices - some sort of gathering is happening in the wild.  Your bodyguard warn it might be a den of thieves or a coven of witches, but you aren’t as sure.;;;;;;;;;x;
EVTOPTA_JESUSITEFLIP1;You guys worry too much...;You guys worry too much...;You guys worry too much...;;You guys worry too much...;;;;;;;;;x;
EVTTOOLTIPA_JITEFLIP1;You investigate further;You investigate further;You investigate further;;You investigate further;;;;;;;;;x;
EVTOPTB_JESUSITEFLIP1;We should keep riding.;We should keep riding.;We should keep riding.;;We should keep riding.;;;;;;;;;x;
EVTDESC_JESUSITEFLIP2;You come upon a group of what appear to be Catholics in the wilderness worshipping our gods in our garb.  You ask one of the men leading the service what's happening here, and he informs you that they are worshipping Jesus Christ and all the deities who serve him.  They call themselves Jesusites.;You come upon a group of what appear to be Catholics in the wilderness worshipping our gods in our garb.  You ask one of the men leading the service what's happening here, and he informs you that they are worshipping Jesus Christ and all the deities who serve him.  They call themselves Jesusites.;You come upon a group of what appear to be Catholics in the wilderness worshipping our gods in our garb.  You ask one of the men leading the service what's happening here, and he informs you that they are worshipping Jesus Christ and all the deities who serve him.  They call themselves Jesusites.;;You come upon a group of what appear to be Catholics in the wilderness worshipping our gods in our garb.  You ask one of the men leading the service what's happening here, and he informs you that they are worshipping Jesus Christ and all the deities who serve him.  They call themselves Jesusites.;;;;;;;;;x;
EVTOPTA_JESUSITEFLIP2;Tell me more of your most interesting faith...;Tell me more of your most interesting faith...;Tell me more of your most interesting faith...;;Tell me more of your most interesting faith...;;;;;;;;;x;
EVTOPTB_JESUSITEFLIP2;I will leave you to it then.;I will leave you to it then.;I will leave you to it then.;;I will leave you to it then.;;;;;;;;;x;
EVTTOOLTIPA_JITEFLIP2;You leave the Jesusites to worship in peace; leaves the Jesusites to worship in peace; leaves the Jesusites to worship in peace;; leaves the Jesusites to worship in peace;;;;;;;;;x;
EVTOPTC_JESUSITEFLIP2;Kill them all.;Kill them all.;Kill them all.;;Kill them all.;;;;;;;;;x;


#Names
e_conquest;Empire of Conquerors;Empire of Conquerors;Empire of Conquerors;;Empire of Conquerors;;;;;;;;;x;
e_conquest_adj;Conqueror;Conqueror;Conqueror;;Conqueror;;;;;;;;;x;
d_pagan_reformed;The High Priesthood;The High Priesthood;The High Priesthood;;The High Priesthood;;;;;;;;;x;
d_pagan_reformed_adj;Pagan;Pagan;Pagan;;Pagan;;;;;;;;;x;
d_germanic_pagan_reformed;The High Priesthood;The High Priesthood;The High Priesthood;;The High Priesthood;;;;;;;;;x;
d_germanic_pagan_reformed_adj;Germanic Pagan;Germanic Pagan;Germanic Pagan;;Germanic Pagan;;;;;;;;;x;
d_cpagan_reformed;The High Priesthood;The High Priesthood;The High Priesthood;;The High Priesthood;;;;;;;;;x;
d_cpagan_reformed_adj;Celtic Pagan;Celtic Pagan;Celtic Pagan;;Celtic Pagan;;;;;;;;;x;
d_babylonian_pagan_reformed;The High Priesthood;The High Priesthood;The High Priesthood;;The High Priesthood;;;;;;;;;x;
d_babylonian_pagan_reformed_adj;Babylonian Pagan;Babylonian Pagan;Babylonian Pagan;;Babylonian Pagan;;;;;;;;;x;
d_phoenician_pagan_reformed;The High Priesthood;The High Priesthood;The High Priesthood;;The High Priesthood;;;;;;;;;x;
d_phoenician_pagan_reformed_adj;Phoenician Pagan;Phoenician Pagan;Phoenician Pagan;;Phoenician Pagan;;;;;;;;;x;
d_egyptian_pagan_reformed;The High Priesthood;The High Priesthood;The High Priesthood;;The High Priesthood;;;;;;;;;x;
d_egyptian_pagan_reformed_adj;Egyptian Pagan;Egyptian Pagan;Egyptian Pagan;;Egyptian Pagan;;;;;;;;;x;
k_pope_of_jesus;the Jesusite Papacy;The Pope of Jesus;The Pope of Jesus;;The Pope of Jesus;;;;;;;;;x;
k_pope_of_jesus_adj;Papal;Papal;Papal;;Papal;;;;;;;;;x;
anglo-norse;Anglo-Norse;Anglo-Norse;Anglo-Norse;;Anglo-Norse;;;;;;;;;x;
norse-gael;Norse-Gael;Norse-Gael;Norse-Gael;;Norse-Gael;;;;;;;;;x;
scots;Scots;Scots;Scots;;Scots;;;;;;;;;x;
nord;Nord;Nord;Nord;;Nord;;;;;;;;;x;
orkhon;Orkhon;Orkhon;Orkhon;;Orkhon;;;;;;;;;x;
walata;Walata;Walata;Walata;;Walata;;;;;;;;;x;
euro-nahuan;Euro-Nahuan;Euro-Nahuan;Euro-Nahuan;;Euro-Nahuan;;;;;;;;;x;
masirene;Masirene;Masirene;Masirene;;Masirene;;;;;;;;;x;
tyrian;Tyrian;Tyrian;Tyrian;;Tyrian;;;;;;;;;x;
ambrian;Ambrian;Ambrian;Ambrian;;Ambrian;;;;;;;;;x;
lechtian;Lechtian;Lechtian;Lechtian;;Lechtian;;;;;;;;;x;
tuonic;Tuonic;Tuonic;Tuonic;;Tuonic;;;;;;;;;x;
hellene;Hellene;Hellene;Hellene;;Hellene;;;;;;;;;x;
allaman;Allaman;Allaman;Allaman;;Allaman;;;;;;;;;x;
druidic;Druidic;Druidic;Druidic;;Druidic;;;;;;;;;x;
babilya;Babilya;Babilya;Babilya;;Babilya;;;;;;;;;x;
jesusite;Jesusite;Jesusite;Jesusite;;Jesusite;;;;;;;;;x;
cpagan;Celtic;Celtic;Celtic;;Celtic;;;;;;;;;x;
pagan_reformed;Pagan;Pagan;Pagan;;Pagan;;;;;;;;;x;
germanic_pagan;Germanic Pagan;Germanic Pagan;Germanic Pagan;;Germanic Pagan;;;;;;;;;x;
germanic_pagan_reformed;Germanic Pagan;Germanic Pagan;Germanic Pagan;;Germanic Pagan;;;;;;;;;x;
cpagan;Celtic;Celtic;Celtic;;Celtic;;;;;;;;;x;
cpagan_reformed;Celtic;Celtic;Celtic;;Celtic;;;;;;;;;x;
babylonian_pagan;Babylonian;Babylonian;Babylonian;;Babylonian;;;;;;;;;x;
babylonian_pagan_reformed;Babylonian;Babylonian;Babylonian;;Babylonian;;;;;;;;;x;
phoenician_pagan;Phoenician;Phoenician;Phoenician;;Phoenician;;;;;;;;;x;
phoenician_pagan_reformed;Phoenician;Phoenician;Phoenician;;Phoenician;;;;;;;;;x;
egyptian_pagan;Egyptian;Egyptian;Egyptian;;Egyptian;;;;;;;;;x;
egyptian_pagan_reformed;Egyptian;Egyptian;Egyptian;;Egyptian;;;;;;;;;x;
unburned;Unburned;Unburned;Unburned;;Unburned;;;;;;;;;x;

GOD_THE_HOLY_GHOST;The Holy Ghost;The Holy Ghost;The Holy Ghost;;The Holy Ghost;;;;;;;;;x;
create_pope_of_jesus;Create the Pope of Jesus;Create the Pope of Jesus;Create the Pope of Jesus;;Create the Pope of Jesus;;;;;;;;;x;
create_pope_of_jesus_desc;Create the Pope of the Jesusite faith and give our religion a formal religious head;Create the Pope of Jesus;Create the Pope of Jesus;;Create the Pope of Jesus;;;;;;;;;x;
hold_jesusite_blot;Hold a Great Blot;Hold a Great Blot;Hold a Great Blot;;Hold a Great Blot;;;;;;;;;x;
hold_jesusite_blot_desc;Hold a great blot in the name of Jesus Christ and the deities who serve him together with your vassals and offer sacrifice to the gods for good harvests and success on the battlefield.  Human sacrifices are thrown into a great smouldering pit and are burned alive or survive the ordeal according to the will of The Holy Ghost.  This can only be done every ninth year.;Hold a great blot in the name of Jesus Christ and the deities who serve him together with your vassals and offer sacrifice to the gods for good harvests and success on the battlefield.  Human sacrifices are thrown into a great smouldering pit and are burned alive or survive the ordeal according to the will of The Holy Ghost.  This can only be done every ninth year.;Hold a great blot in the name of Jesus Christ and the deities who serve him together with your vassals and offer sacrifice to the gods for good harvests and success on the battlefield.  Human sacrifices are thrown into a great smouldering pit and are burned alive or survive the ordeal according to the will of The Holy Ghost.  This can only be done every ninth year.;;Hold a great blot in the name of Jesus Christ and the deities who serve him together with your vassals and offer sacrifice to the gods for good harvests and success on the battlefield.  Human sacrifices are thrown into a great smouldering pit and are burned alive or survive the ordeal according to the will of The Holy Ghost.  This can only be done every ninth year.;;;;;;;;;x;
#Religious descriptions
jesusite_DESC;Jesusites believe that Jesus Christ is the one (Trinitarian) God, but that several lesser god-like deities exist. These lesser deities rule over primitive animistic domains as fiefs to Christ's Kingship. Defining features in-game:\n§Y*§! The Pope of Jesus can be created\n§Y*§! The Pope of Jesus can grant divorces\n§Y*§! The Pope of Jesus can Excommunicate Jesusite characters\n§Y*§! Jesusite lords can hold their version of the Blot;Jesusites believe that Jesus Christ is the one (Trinitarian) God, but that several lesser god-like deities exist. These lesser deities rule over primitive animistic domains as fiefs to Christâ€™s Kingship. Defining features in-game:\nÂ§Y*Â§! The Pope of Jesus can be created\nÂ§Y*Â§! The Pope of Jesus can grant divorces\nÂ§Y*Â§! The Pope of Jesus can Excommunicate Jesusite characters\nÂ§Y*Â§! Jesusite lords can hold their version of the Blot;Jesusites believe that Jesus Christ is the one (Trinitarian) God, but that several lesser god-like deities exist. These lesser deities rule over primitive animistic domains as fiefs to Christâ€™s Kingship. Defining features in-game:\nÂ§Y*Â§! The Pope of Jesus can be created\nÂ§Y*Â§! The Pope of Jesus can grant divorces\nÂ§Y*Â§! The Pope of Jesus can Excommunicate Jesusite characters\nÂ§Y*Â§! Jesusite lords can hold their version of the Blot;;Jesusites believe that Jesus Christ is the one (Trinitarian) God, but that several lesser god-like deities exist. These lesser deities rule over primitive animistic domains as fiefs to Christâ€™s Kingship. Defining features in-game:\nÂ§Y*Â§! The Pope of Jesus can be created\nÂ§Y*Â§! The Pope of Jesus can grant divorces\nÂ§Y*Â§! The Pope of Jesus can Excommunicate Jesusite characters\nÂ§Y*Â§! Jesusite lords can hold their version of the Blot;;;;;;;;;x;
pagan_reformed_DESC;The reformed generic Pagan faith has a Holy Book with lists of gods and minor deities, formal rules for sacrifice and suggested methods of divination. The church has a standardized liturgy and a formal church hierarchy. Defining features in-game:\n§Y*§! Can raid neighbours for loot\n§Y*§! Vassals don't care how long their liege raises their levies;The reformed generic Pagan faith has a Holy Book with lists of gods and minor deities, formal rules for sacrifice and suggested methods of divination. The church has a standardized liturgy and a formal church hierarchy. Defining features in-game:\n§Y*§! Can raid neighbours for loot\n§Y*§! Vassals don't care how long their liege raises their levies;The reformed generic Pagan faith has a Holy Book with lists of gods and minor deities, formal rules for sacrifice and suggested methods of divination. The church has a standardized liturgy and a formal church hierarchy. Defining features in-game:\n§Y*§! Can raid neighbours for loot\n§Y*§! Vassals don't care how long their liege raises their levies;;The reformed generic Pagan faith has a Holy Book with lists of gods and minor deities, formal rules for sacrifice and suggested methods of divination. The church has a standardized liturgy and a formal church hierarchy. Defining features in-game:\n§Y*§! Can raid neighbours for loot\n§Y*§! Vassals don't care how long their liege raises their levies;;;;;;;;;x;
#Trait descriptions
unburned_desc;This character survived the sacrificial flames of a Jesusite Blot and is now exempt from future sacrificial fires.;This character survived the sacrificial flames of a Jesusite Blot and is now exempt from future sacrificial fires.;This character survived the sacrificial flames of a Jesusite Blot and is now exempt from future sacrificial fires.;;This character survived the sacrificial flames of a Jesusite Blot and is now exempt from future sacrificial fires.;;;;;;;;;x;











